orden,a_o,barrio_poligono,categoria,comunas_poligonos,manzanas,personas,hombres,mujeres,edad_de_0_a_9,edad_de_10_a_19,edad_de_20_a_29,edad_de_30_a_39,edad_de_40_a_49,edad_de_50_a_59,edad_de_60_a_69,edad_de_70_a_79,edad_de_80_a_89
1,2021,BONANZA CAMPESTRE,A. RURAL,01. NORTE,14,566,287,279,104,97,108,118,77,34,18,6,4
2,2021,VILLA LINA,A. RURAL,01. NORTE,10,501,255,246,79,103,104,67,67,47,26,6,2
3,2021,BARRIO NUEVO,A. URBANO,01. NORTE,1,99,54,45,17,17,14,16,18,8,3,4,2
4,2021,BRISAS DE SURATA,A. URBANO,01. NORTE,2,160,79,81,26,28,37,16,21,17,7,6,2
5,2021,CAMINOS DE PAZ I,A. URBANO,01. NORTE,3,134,67,67,29,28,22,18,14,8,9,5,1
6,2021,CAMINOS DE PAZ II,A. URBANO,01. NORTE,1,17,8,9,1,6,0,4,4,2,0,0,0
7,2021,CERVUNION,A. URBANO,01. NORTE,9,238,106,132,62,38,45,32,23,21,10,6,1
8,2021,DIVINO NINO I,A. URBANO,01. NORTE,9,329,164,165,51,54,76,54,35,38,14,6,1
9,2021,DIVINO NINO II,A. URBANO,01. NORTE,1,47,26,21,7,7,7,6,6,10,4,0,0
10,2021,LUZ DE ESPERANZA,A. URBANO,01. NORTE,3,110,48,62,30,18,18,16,10,16,1,0,1
11,2021,ALTOS DEL KENNEDY,BARRIO,01. NORTE,6,529,250,279,76,88,106,71,60,71,34,19,4
12,2021,ALTOS DEL PROGRESO,BARRIO,01. NORTE,17,"1,187",605,582,221,208,236,179,145,118,48,26,6
13,2021,BALCONES DEL KENEDY,BARRIO,01. NORTE,18,"1,334",659,675,250,225,248,204,190,111,68,31,7
14,2021,BETANIA,BARRIO,01. NORTE,17,"1,664",841,823,222,225,355,248,211,246,117,28,12
15,2021,CAFE MADRID,BARRIO,01. NORTE,86,"9,517","4,756","4,761","1,786","1,880","1,865","1,373","1,114",740,474,228,57
16,2021,CAMPESTRE NORTE,BARRIO,01. NORTE,14,812,397,415,164,162,151,148,74,56,34,18,5
17,2021,CLAVERIANO,BARRIO,01. NORTE,22,"1,675",811,864,316,334,347,258,165,138,75,30,12
18,2021,COLORADOS,BARRIO,01. NORTE,53,"5,010","2,416","2,594",864,787,"1,005",759,639,439,293,168,56
19,2021,COLSEGUROS NORTE,BARRIO,01. NORTE,1,"1,563",725,838,230,263,282,215,228,177,111,41,16
20,2021,EL PABLON,BARRIO,01. NORTE,12,545,273,272,81,89,112,91,69,44,25,28,6
21,2021,ROSAL,BARRIO,01. NORTE,17,"1,161",561,600,196,206,222,144,163,110,67,39,14
22,2021,KENNEDY,BARRIO,01. NORTE,39,"5,780","2,741","3,039",736,806,969,868,760,717,501,284,139
23,2021,LAS HAMACAS,BARRIO,01. NORTE,9,899,465,434,147,162,151,166,112,85,47,25,4
24,2021,MARIA PAZ,BARRIO,01. NORTE,36,"4,645","2,255","2,390",827,819,920,730,552,413,212,129,43
25,2021,MINUTO DE DIOS,BARRIO,01. NORTE,7,"1,805",903,902,264,252,342,318,205,230,117,63,14
26,2021,MIRADORES DEL KENNEDY,BARRIO,01. NORTE,5,509,241,268,72,84,107,81,73,57,29,6,0
27,2021,MIRAMAR,BARRIO,01. NORTE,13,749,363,386,91,144,120,114,106,90,45,28,11
28,2021,OLAS ALTAS,BARRIO,01. NORTE,3,387,201,186,46,61,69,62,49,41,29,22,8
29,2021,OLAS BAJAS,BARRIO,01. NORTE,9,"1,185",586,599,164,209,195,155,157,136,85,50,34
30,2021,OMAGA I,BARRIO,01. NORTE,2,262,122,140,35,42,37,39,34,40,22,8,5
31,2021,OMAGA II,BARRIO,01. NORTE,7,782,373,409,131,142,154,114,94,82,28,28,9
32,2021,PAISAJES NORTE,BARRIO,01. NORTE,9,550,263,287,97,129,105,76,75,42,14,9,3
33,2021,ROSALTA,BARRIO,01. NORTE,3,446,211,235,82,97,70,72,55,35,20,9,6
34,2021,SAN VALENTIN,BARRIO,01. NORTE,7,704,345,359,140,126,154,77,83,71,37,12,4
35,2021,TEJAR NORTE,BARRIO,01. NORTE,13,"1,136",557,579,172,168,230,190,136,142,56,27,15
36,2021,TEJARCITO,BARRIO,01. NORTE,3,198,102,96,44,30,37,29,23,11,14,10,0
37,2021,VILLA ALEGRIA I,BARRIO,01. NORTE,3,397,191,206,72,56,96,70,36,39,20,6,2
38,2021,VILLA ALEGRIA II,BARRIO,01. NORTE,7,880,445,435,146,157,203,137,78,92,47,10,10
39,2021,VILLA MARIA I (MEDIA),BARRIO,01. NORTE,1,238,113,125,45,29,59,29,33,15,16,9,3
40,2021,VILLA MARIA II (ALTA),BARRIO,01. NORTE,1,477,237,240,91,72,100,76,55,42,29,8,4
41,2021,VILLA MARIA III (BAJA),BARRIO,01. NORTE,3,198,88,110,56,42,34,32,18,7,5,4,0
42,2021,VILLA ROSA,BARRIO,01. NORTE,48,"7,061","3,478","3,583",997,"1,202","1,158","1,167",868,698,655,248,68
43,2021,VILLAS DE SAN IGNACIO,BARRIO,01. NORTE,123,"16,105","7,954","8,151","2,872","1,913","2,803","2,048","1,400",740,390,156,"3,783"
44,2021,CHITOTA,A. RURAL,02. NORORIENTAL,12,253,134,119,32,51,39,41,43,21,18,6,2
45,2021,GRANJITAS BARRIO NORTE,A. RURAL,02. NORORIENTAL,4,145,63,82,29,35,23,19,16,12,4,5,2
46,2021,LOS CUADROS,A. RURAL,02. NORORIENTAL,2,235,114,121,50,38,41,41,26,28,5,5,1
47,2021,PORTAL DE LOS ANGELES ASOVIPO*,A. URBANO,02. NORORIENTAL,12,664,337,327,111,111,159,125,79,34,26,15,4
48,2021,MIRADOR NORTE,A. URBANO,02. NORORIENTAL,25,"1,320",668,652,274,268,275,217,116,76,55,32,7
49,2021,MONEQUE,A. URBANO,02. NORORIENTAL,1,80,36,44,10,15,13,5,10,10,12,3,2
50,2021,NUEVO HORIZONTE DE LA MANO DE*,A. URBANO,02. NORORIENTAL,15,967,461,506,221,205,188,132,109,64,35,8,5
51,2021,13 DE JUNIO,BARRIO,02. NORORIENTAL,5,410,201,209,65,52,78,62,60,47,34,8,4
52,2021,BOSQUE NORTE,BARRIO,02. NORORIENTAL,17,"1,222",595,627,216,241,216,237,99,97,84,25,7
53,2021,EL PLAN,BARRIO,02. NORORIENTAL,14,664,325,339,99,118,113,111,82,63,45,27,6
54,2021,ESPERANZA I,BARRIO,02. NORORIENTAL,16,928,436,492,140,162,172,143,111,78,64,46,12
55,2021,ESPERANZA II,BARRIO,02. NORORIENTAL,30,"2,252","1,093","1,159",386,371,391,328,288,178,166,117,27
56,2021,ESPERANZA III,BARRIO,02. NORORIENTAL,30,"1,580",799,781,272,272,269,261,190,116,123,58,19
57,2021,LA INDEPENDENCIA,BARRIO,02. NORORIENTAL,37,"4,036","1,978","2,058",667,710,791,552,467,399,253,141,56
58,2021,LA JUVENTUD,BARRIO,02. NORORIENTAL,42,"1,632",786,846,229,266,270,250,211,172,123,71,40
59,2021,LIZCANO I,BARRIO,02. NORORIENTAL,1,126,66,60,15,17,24,16,11,16,12,9,6
60,2021,LIZCANO II,BARRIO,02. NORORIENTAL,2,139,69,70,22,26,23,30,18,6,9,3,2
61,2021,LOS ANGELES,BARRIO,02. NORORIENTAL,17,"1,060",519,541,155,166,172,160,136,114,88,50,19
62,2021,NUEVA COLOMBIA,BARRIO,02. NORORIENTAL,11,480,245,235,95,64,108,82,47,41,28,13,2
63,2021,OLAS II,BARRIO,02. NORORIENTAL,6,888,419,469,142,157,147,156,84,86,68,36,12
64,2021,PUERTO RICO,BARRIO,02. NORORIENTAL,9,654,326,328,96,133,122,113,82,62,24,19,3
65,2021,REGADERO NORTE,BARRIO,02. NORORIENTAL,19,"2,739","1,344","1,395",403,419,492,413,377,302,178,119,36
66,2021,SAN CRISTOBAL,BARRIO,02. NORORIENTAL,23,"1,034",506,528,154,148,176,146,138,119,77,45,31
67,2021,TRANSICION,BARRIO,02. NORORIENTAL,115,"5,502","2,779","2,723",972,969,990,866,641,477,350,174,63
68,2021,VILLA HELENA I,BARRIO,02. NORORIENTAL,25,"1,724",867,857,337,308,308,274,181,124,134,46,12
69,2021,VILLA HELENA II,BARRIO,02. NORORIENTAL,11,936,472,464,145,129,146,147,103,115,90,48,13
70,2021,VILLA MERCEDES,BARRIO,02. NORORIENTAL,14,"1,240",646,594,220,227,235,203,147,92,76,31,9
71,2021,ALARCON,BARRIO,03. SAN FRANCISCO,23,"3,374","1,584","1,790",396,363,604,692,465,412,245,143,54
72,2021,CHAPINERO,BARRIO,03. SAN FRANCISCO,24,"2,804","1,424","1,380",402,351,576,564,343,281,174,94,19
73,2021,COMUNEROS,BARRIO,03. SAN FRANCISCO,54,"11,313","5,457","5,856","1,327","1,650","2,343","1,787","1,449","1,252",819,495,191
74,2021,EL CINAL,BARRIO,03. SAN FRANCISCO,7,417,212,205,64,65,75,72,52,38,28,13,10
75,2021,MODELO,BARRIO,03. SAN FRANCISCO,22,"2,359","1,083","1,276",314,303,437,404,337,261,168,104,31
76,2021,MUTUALIDAD,BARRIO,03. SAN FRANCISCO,26,"4,433","2,134","2,299",451,612,975,651,571,565,325,205,78
77,2021,NORTE BAJO,BARRIO,03. SAN FRANCISCO,14,"1,505",743,762,201,197,273,215,206,184,132,66,31
78,2021,SAN FRANCISCO,BARRIO,03. SAN FRANCISCO,115,"18,317","8,600","9,717","1,954","2,212","3,619","3,197","2,382","2,269","1,592",737,355
79,2021,SAN RAFAEL,BARRIO,03. SAN FRANCISCO,16,"2,158","1,042","1,116",296,325,402,300,284,259,160,86,46
80,2021,UNIVERSIDAD,BARRIO,03. SAN FRANCISCO,38,"5,101","2,396","2,705",425,608,"1,275",784,565,607,465,261,111
81,2021,5 DE ENERO,A. URBANO,04. OCCIDENTAL,10,408,208,200,96,92,61,66,45,25,14,4,5
82,2021,CAMILO TORRES,A. URBANO,04. OCCIDENTAL,9,693,313,380,130,155,138,120,63,50,22,13,2
83,2021,CARLOS PIZARRO,A. URBANO,04. OCCIDENTAL,2,140,71,69,30,33,24,19,16,8,8,1,1
84,2021,GALLINERAL,A. URBANO,04. OCCIDENTAL,3,494,237,257,111,94,79,94,49,32,25,6,4
85,2021,VILLAS DE GIRARDOT,A. URBANO,04. OCCIDENTAL,23,"1,050",512,538,197,238,196,147,127,71,50,18,6
86,2021,CUYANITA,A. URBANO,04. OCCIDENTAL,10,511,268,243,96,123,100,80,44,39,18,9,2
87,2021,MARIA AUXILIADORA,A. URBANO,04. OCCIDENTAL,1,52,26,26,11,4,13,4,5,6,8,0,1
88,2021,MILAGRO DE DIOS,A. URBANO,04. OCCIDENTAL,6,815,412,403,136,172,170,124,98,65,33,12,5
89,2021,PUENTE NARINO,A. URBANO,04. OCCIDENTAL,1,173,85,88,42,38,25,29,15,16,4,3,1
90,2021,DIVINO NINO (CIUDAD PERDIDA),A. URBANO,04. OCCIDENTAL,6,420,211,209,67,86,76,60,64,32,21,13,1
91,2021,RIO DE ORO,A. URBANO,04. OCCIDENTAL,3,"1,000",511,489,262,207,172,160,79,62,38,17,3
92,2021,ZARABANDA,A. URBANO,04. OCCIDENTAL,5,583,282,301,142,102,114,106,52,28,33,4,2
93,2021,23 DE JUNIO,BARRIO,04. OCCIDENTAL,16,"2,050","1,013","1,037",270,287,378,305,239,244,207,80,40
94,2021,DON BOSCO,BARRIO,04. OCCIDENTAL,7,975,490,485,131,140,176,129,133,115,69,57,25
95,2021,GAITAN,BARRIO,04. OCCIDENTAL,51,"5,670","2,845","2,825",730,842,913,814,729,748,468,306,120
96,2021,GIRARDOT,BARRIO,04. OCCIDENTAL,44,"9,222","4,534","4,688","1,310","1,387","1,633","1,566","1,191","1,003",613,362,157
97,2021,GRANADA,BARRIO,04. OCCIDENTAL,66,"1,857",944,913,251,249,366,290,230,201,165,80,25
98,2021,LA FERIA,BARRIO,04. OCCIDENTAL,36,"2,591","1,279","1,312",354,440,486,370,400,324,124,74,19
99,2021,LA GLORIA,BARRIO,04. OCCIDENTAL,10,769,388,381,131,137,141,119,89,65,50,27,10
100,2021,NAPOLES,BARRIO,04. OCCIDENTAL,19,"1,315",679,636,230,237,230,184,180,121,76,37,20
101,2021,NARINO,BARRIO,04. OCCIDENTAL,26,"2,124","1,099","1,025",317,303,411,274,274,221,169,120,35
102,2021,PIO XII,BARRIO,04. OCCIDENTAL,17,"1,585",816,769,271,257,282,251,204,153,110,48,9
103,2021,RIO DE ORO I,BARRIO,04. OCCIDENTAL,18,53,25,28,14,7,10,10,4,4,4,0,0
104,2021,SANTANDER,BARRIO,04. OCCIDENTAL,21,"2,789","1,336","1,453",310,370,441,357,348,450,291,148,74
105,2021,PANTANO SANTANDER,A. URBANO,05. GARCIA ROVIRA,1,66,39,27,9,8,12,8,13,2,8,6,0
106,2021,1 DE MAYO,BARRIO,05. GARCIA ROVIRA,6,"1,025",515,510,159,149,181,167,127,113,68,49,12
107,2021,ALFONSO LOPEZ,BARRIO,05. GARCIA ROVIRA,38,"8,738","4,267","4,471","1,044","1,163","1,686","1,429","1,104","1,103",726,339,144
108,2021,CAMPO HERMOSO,BARRIO,05. GARCIA ROVIRA,63,"12,593","6,031","6,562","1,740","1,843","2,221","1,863","1,698","1,511",938,549,230
109,2021,CHARTA,BARRIO,05. GARCIA ROVIRA,5,508,232,276,91,75,77,87,45,57,46,21,9
110,2021,CHORRERAS DE DON JUAN,BARRIO,05. GARCIA ROVIRA,26,"3,280","1,576","1,704",330,449,543,471,470,452,320,173,72
111,2021,LA ESTRELLA,BARRIO,05. GARCIA ROVIRA,7,"1,096",510,586,139,162,205,158,135,136,85,52,24
112,2021,LA JOYA,BARRIO,05. GARCIA ROVIRA,36,"6,764","3,266","3,498",755,953,"1,060",965,821,"1,013",698,330,169
113,2021,PANTANO II,BARRIO,05. GARCIA ROVIRA,9,659,314,345,112,124,140,73,96,64,24,23,3
114,2021,PANTANO III,BARRIO,05. GARCIA ROVIRA,1,89,51,38,19,8,18,22,9,4,9,0,0
115,2021,QUINTA ESTRELLA,BARRIO,05. GARCIA ROVIRA,38,"2,180","1,075","1,105",279,327,421,341,296,300,139,57,20
116,2021,RINCON DE LA PAZ (17ENE-12FEB),BARRIO,05. GARCIA ROVIRA,21,"1,341",673,668,272,252,266,212,146,105,60,19,9
117,2021,CANDILES,BARRIO,06. LA CONCORDIA,4,"1,476",697,779,190,178,237,231,171,205,130,90,44
118,2021,GOMEZ NINO,BARRIO,06. LA CONCORDIA,11,"1,130",521,609,111,144,201,195,96,179,110,68,26
119,2021,LA CEIBA,BARRIO,06. LA CONCORDIA,23,"3,274","1,533","1,741",346,442,539,547,436,425,282,175,82
120,2021,LA CONCORDIA,BARRIO,06. LA CONCORDIA,77,"9,037","4,177","4,860",958,"1,078","1,644","1,340","1,171","1,247",858,488,253
121,2021,LA SALLE,BARRIO,06. LA CONCORDIA,10,985,441,544,90,103,131,132,140,160,127,59,43
122,2021,LA VICTORIA,BARRIO,06. LA CONCORDIA,37,"6,317","2,925","3,392",638,851,872,877,815,961,654,421,228
123,2021,RICAURTE,BARRIO,06. LA CONCORDIA,25,"3,059","1,470","1,589",336,406,536,559,413,382,220,142,65
124,2021,SAN MIGUEL,BARRIO,06. LA CONCORDIA,24,"4,684","2,205","2,479",538,600,858,654,623,613,438,233,127
125,2021,REAL DE MINAS,BARRIO,07. LA CIUDADELA,126,"30,544","14,071","16,473","2,927","3,891","5,419","4,528","3,980","4,300","3,399","1,598",502
126,2021,EL FONCE,A. URBANO,08. SUR OCCIDENTE,2,77,35,42,20,8,26,10,0,7,5,0,1
127,2021,LA GUACAMAYA,A. URBANO,08. SUR OCCIDENTE,3,311,162,149,59,69,54,63,28,24,9,3,2
128,2021,LAURELES I,A. URBANO,08. SUR OCCIDENTE,6,184,93,91,29,30,40,29,26,11,13,4,2
129,2021,MANZANA 10,A. URBANO,08. SUR OCCIDENTE,14,630,310,320,95,107,120,98,79,63,34,28,6
130,2021,SAN GERARDO I,A. URBANO,08. SUR OCCIDENTE,3,786,383,403,122,118,172,128,103,68,45,18,12
131,2021,SAN GERARDO II,A. URBANO,08. SUR OCCIDENTE,4,"1,016",508,508,117,159,182,127,135,138,80,58,20
132,2021,20 DDE JULIO,BARRIO,08. SUR OCCIDENTE,1,425,194,231,57,78,67,63,60,42,29,25,4
133,2021,AFRICA,BARRIO,08. SUR OCCIDENTE,12,"1,227",607,620,162,185,226,203,171,110,85,74,11
134,2021,ANTIGUA COLOMBIA,BARRIO,08. SUR OCCIDENTE,6,500,253,247,79,75,93,67,67,58,38,13,10
135,2021,BOSCONIA,BARRIO,08. SUR OCCIDENTE,5,194,102,92,21,33,39,16,39,24,9,10,3
136,2021,BUCARAMANGA,BARRIO,08. SUR OCCIDENTE,29,"5,308","2,605","2,703",794,863,914,766,719,605,329,218,100
137,2021,CANELOS,BARRIO,08. SUR OCCIDENTE,22,"2,107",981,"1,126",244,265,352,300,293,251,220,133,49
138,2021,CORDONCILLO I,BARRIO,08. SUR OCCIDENTE,3,379,189,190,55,67,76,52,48,40,16,19,6
139,2021,CORDONCILLO II,BARRIO,08. SUR OCCIDENTE,15,"2,194","1,081","1,113",252,346,425,298,268,298,160,98,49
140,2021,JUAN XXIII,BARRIO,08. SUR OCCIDENTE,12,930,479,451,154,156,182,158,106,85,47,35,7
141,2021,PABLO VI,BARRIO,08. SUR OCCIDENTE,11,"1,896",905,991,276,286,335,263,234,250,118,93,41
142,2021,QUEBRADA LA IGLESIA II,BARRIO,08. SUR OCCIDENTE,2,0,0,0,0,0,0,0,0,0,0,0,0
143,2021,SAN GERARDO,BARRIO,08. SUR OCCIDENTE,4,624,317,307,81,86,111,106,80,69,41,37,13
144,2021,ANTONIA SANTOS SUR,BARRIO,09. LA PEDREGOSA,7,803,382,421,72,83,141,101,93,131,105,49,28
145,2021,ASTURIAS,BARRIO,09. LA PEDREGOSA,9,"1,065",486,579,101,114,161,171,151,145,128,71,23
146,2021,DIAMANTE I,BARRIO,09. LA PEDREGOSA,9,"1,689",805,884,150,232,269,233,244,223,151,128,59
147,2021,LA LIBERTAD,BARRIO,09. LA PEDREGOSA,7,712,358,354,59,97,129,79,93,118,75,41,21
148,2021,LA PEDREGOSA,BARRIO,09. LA PEDREGOSA,4,613,308,305,75,96,106,86,87,79,56,19,9
149,2021,LAS CASITAS,BARRIO,09. LA PEDREGOSA,4,265,133,132,41,36,53,29,35,29,18,18,6
150,2021,NUEVA GRANADA,BARRIO,09. LA PEDREGOSA,8,838,397,441,90,115,143,101,126,121,68,44,30
151,2021,PORTO FINO,BARRIO,09. LA PEDREGOSA,6,582,266,316,72,59,112,104,84,53,64,22,12
152,2021,QUEBRADA LA IGLESIA,BARRIO,09. LA PEDREGOSA,17,"1,515",745,770,197,235,267,252,211,160,115,58,20
153,2021,SAN MARTIN,BARRIO,09. LA PEDREGOSA,23,"3,901","1,960","1,941",530,564,785,731,485,416,223,116,51
154,2021,SAN PEDRO CLAVER,BARRIO,09. LA PEDREGOSA,14,970,496,474,132,147,202,132,122,116,55,46,18
155,2021,VILLA DIAMANTE,BARRIO,09. LA PEDREGOSA,6,"1,987",924,"1,063",170,251,320,272,253,303,233,132,53
156,2021,VILLA INES,BARRIO,09. LA PEDREGOSA,15,"1,573",707,866,177,224,243,252,210,198,149,85,35
157,2021,PORVENIR,A. RURAL,10. PROVENZA,21,"1,228",623,605,214,239,237,228,142,93,50,21,4
158,2021,LUZ DE SALVACION I,A. URBANO,10. PROVENZA,34,"2,239","1,149","1,090",440,404,464,361,268,173,84,30,15
159,2021,BRISAS DE PROVENZA,BARRIO,10. PROVENZA,25,"2,083","1,020","1,063",408,368,466,319,268,148,59,37,10
160,2021,EL CRISTAL,BARRIO,10. PROVENZA,18,"1,911",919,992,299,352,348,317,213,213,106,45,18
161,2021,CRISTAL BAJO,BARRIO,10. PROVENZA,36,"2,445","1,208","1,237",463,411,506,388,260,242,101,58,16
162,2021,DIAMANTE II,BARRIO,10. PROVENZA,60,"10,715","4,897","5,818",992,"1,175","1,524","1,556","1,441","1,464","1,247",905,411
163,2021,EL PORVENIR,BARRIO,10. PROVENZA,62,"8,059","3,896","4,163","1,078","1,062","1,556","1,240","1,112",983,629,317,82
164,2021,FONTANA,BARRIO,10. PROVENZA,27,"4,205","1,925","2,280",461,579,549,711,555,565,435,270,80
165,2021,GRANJAS DE PROVENZA,BARRIO,10. PROVENZA,34,"4,734","2,299","2,435",761,646,903,"1,022",590,426,229,120,37
166,2021,NUEVA FONTANA,BARRIO,10. PROVENZA,6,564,244,320,47,72,85,79,83,95,67,30,6
167,2021,PROVENZA,BARRIO,10. PROVENZA,93,"15,576","7,211","8,365","1,545","1,745","2,383","2,442","1,976","2,050","1,846","1,138",451
168,2021,SAN LUIS,BARRIO,10. PROVENZA,23,"2,160",967,"1,193",184,237,326,296,307,297,304,150,59
169,2021,VIVEROS DE PROVENZA,BARRIO,10. PROVENZA,11,"1,009",491,518,155,156,259,161,128,99,31,14,6
170,2021,NOGAL I Y II,A. RURAL,11. SUR,857,524,315,209,199,-379,146,142,83,41,34,12,246
171,2021,LAS DELICIAS,A. URBANO,11. SUR,4,137,66,71,20,28,25,13,18,13,8,10,2
172,2021,LUZ DE SALVACION II,A. URBANO,11. SUR,37,"1,115",547,568,215,203,223,180,119,108,39,22,6
173,2021,BALCONES DEL SUR,BARRIO,11. SUR,9,699,362,337,137,123,170,96,96,45,26,4,2
174,2021,BRISAS DEL PALMAR,BARRIO,11. SUR,2,413,200,213,75,63,81,71,43,51,17,8,4
175,2021,BRISAS DEL PARAISO,BARRIO,11. SUR,9,"1,027",509,518,165,189,212,175,128,101,33,19,5
176,2021,CANDADO,BARRIO,11. SUR,3,422,194,228,50,52,73,81,44,62,33,22,5
177,2021,CIUDAD VENECIA,BARRIO,11. SUR,14,"1,299",604,695,139,179,222,204,157,177,140,55,26
178,2021,CONDADO DE GIBRALTAR,BARRIO,11. SUR,8,529,253,276,50,89,77,57,78,85,48,34,11
179,2021,DANGOND,BARRIO,11. SUR,11,"2,009",978,"1,031",219,271,343,305,280,224,241,95,31
180,2021,DELICIAS,BARRIO,11. SUR,8,"1,649",779,870,219,223,262,301,240,190,136,63,15
181,2021,DELICIAS BAJAS,BARRIO,11. SUR,3,145,63,82,17,24,14,25,15,16,20,10,4
182,2021,EL ROCIO,BARRIO,11. SUR,14,"2,455","1,084","1,371",284,336,420,384,298,343,252,101,37
183,2021,GRANJAS DE JULIO RINCON,BARRIO,11. SUR,2,446,207,239,72,83,83,60,63,56,10,13,6
184,2021,GRANJAS REGAN,BARRIO,11. SUR,8,791,394,397,170,129,153,133,86,57,43,14,6
185,2021,IGSABELAR,BARRIO,11. SUR,2,522,260,262,76,81,98,81,80,50,33,14,9
186,2021,JARDINES DE COAVICONSA,BARRIO,11. SUR,22,"6,227","2,907","3,320",774,838,"1,043","1,111",887,800,485,223,66
187,2021,CONQUISTADORES,BARRIO,11. SUR,6,"1,679",803,876,247,307,366,257,255,144,62,30,11
188,2021,MALPASO,BARRIO,11. SUR,3,496,230,266,61,70,95,58,65,67,48,25,7
189,2021,MANUELA BELTRAN,BARRIO,11. SUR,34,"4,819","2,325","2,494",652,713,903,839,582,532,379,169,50
190,2021,PUNTA PARAISO,BARRIO,11. SUR,21,"2,190","1,062","1,128",421,359,491,389,233,172,80,37,8
191,2021,ROBLES,BARRIO,11. SUR,1,293,147,146,34,43,39,56,35,44,22,13,7
192,2021,SANTA MARIA,BARRIO,11. SUR,3,375,178,197,51,50,73,52,55,52,26,12,4
193,2021,TOLEDO PLATA,BARRIO,11. SUR,12,"1,263",578,685,152,159,208,224,131,156,153,57,23
194,2021,VILLA ALICIA,BARRIO,11. SUR,4,584,261,323,59,54,125,66,68,82,73,44,13
195,2021,VILLA DEL NOGAL,BARRIO,11. SUR,7,264,127,137,49,45,58,44,31,21,12,4,0
196,2021,VILLA FLOR,BARRIO,11. SUR,1,662,308,354,92,81,107,134,87,67,63,25,6
197,2021,VILLA REAL DEL SUR,BARRIO,11. SUR,8,873,427,446,160,168,189,138,103,67,25,17,6
198,2021,VILLA SARA,BARRIO,11. SUR,3,371,173,198,37,52,69,53,59,42,35,19,5
199,2021,ALTOS DEL JARDIN,BARRIO,12. CABECERA DEL LLANO,5,186,88,98,17,29,14,20,34,23,21,21,7
200,2021,CAMPESTRE,BARRIO,12. CABECERA DEL LLANO,11,884,366,518,44,75,137,103,91,148,131,92,63
201,2021,BOLARQUI,BARRIO,12. CABECERA DEL LLANO,20,"3,327","1,502","1,825",264,346,452,529,460,506,448,212,110
202,2021,CABECERA DEL LLANO,BARRIO,12. CABECERA DEL LLANO,84,"14,943","6,614","8,329","1,047","1,235","1,718","1,853","1,864","2,332","2,555","1,639",700
203,2021,CONUCOS,BARRIO,12. CABECERA DEL LLANO,2,"1,635",665,970,115,174,212,138,205,214,240,218,119
204,2021,EL JARDIN,BARRIO,12. CABECERA DEL LLANO,10,228,109,119,19,32,26,25,28,32,31,26,9
205,2021,LA FLORESTA,BARRIO,12. CABECERA DEL LLANO,17,"3,064","1,418","1,646",264,296,421,431,411,502,447,200,92
206,2021,LOS CEDROS,BARRIO,12. CABECERA DEL LLANO,2,105,44,61,9,19,5,8,23,19,12,10,0
207,2021,MERCEDES,BARRIO,12. CABECERA DEL LLANO,16,"2,080",897,"1,183",181,246,327,328,253,305,220,139,81
208,2021,NUEVO SOTOMAYOR,BARRIO,12. CABECERA DEL LLANO,19,"3,397","1,500","1,897",296,298,549,569,478,451,428,242,86
209,2021,PAN DE AZUCAR,BARRIO,12. CABECERA DEL LLANO,22,"1,859",882,977,137,182,225,232,255,326,273,161,68
210,2021,PUERTA DEL SOL,BARRIO,12. CABECERA DEL LLANO,7,469,230,239,31,56,78,76,69,75,54,23,7
211,2021,SOTOMAYOR,BARRIO,12. CABECERA DEL LLANO,31,"6,724","2,934","3,790",460,574,818,894,811,980,"1,171",669,347
212,2021,TERRAZAS,BARRIO,12. CABECERA DEL LLANO,14,"1,591",721,870,120,159,259,190,229,270,199,123,42
213,2021,JOSE ANTONIO GALAN,A. URBANO,13. ORIENTAL,21,"2,144","1,097","1,047",483,354,479,358,189,125,100,40,16
214,2021,ALVAREZ LAS AMERICAS,BARRIO,13. ORIENTAL,47,"6,749","3,084","3,665",618,878,984,"1,013",882,990,689,466,229
215,2021,ANTONIA SANTOS CENTRO,BARRIO,13. ORIENTAL,39,"14,279","6,576","7,703","1,510","1,676","2,463","2,645","2,022","1,809","1,251",627,276
216,2021,BOLIVAR,BARRIO,13. ORIENTAL,28,"4,716","2,198","2,518",466,487,731,812,633,686,508,270,123
217,2021,EL PRADO,BARRIO,13. ORIENTAL,27,"5,927","2,604","3,323",430,544,840,902,727,870,828,542,244
218,2021,GALAN,BARRIO,13. ORIENTAL,4,644,301,343,66,106,108,124,88,58,58,25,11
219,2021,LA AURORA,BARRIO,13. ORIENTAL,22,"2,795","1,237","1,558",245,276,453,412,322,416,377,214,80
220,2021,LOS PINOS,BARRIO,13. ORIENTAL,19,"3,382","1,541","1,841",260,397,405,423,478,473,515,303,128
221,2021,MEJORAS PUBLICAS,BARRIO,13. ORIENTAL,39,"10,298","4,606","5,692",827,"1,026","1,630","1,691","1,328","1,506","1,258",725,307
222,2021,QUINTQ BRIGADA,BARRIO,13. ORIENTAL,4,"1,503",730,773,167,181,288,305,195,155,130,61,21
223,2021,QUINTA DANIA,BARRIO,13. ORIENTAL,5,628,280,348,62,49,108,114,69,79,76,55,16
224,2021,SAN ALONSO,BARRIO,13. ORIENTAL,60,"15,345","6,894","8,451","1,449","1,755","2,897","2,469","1,917","2,009","1,595",837,417
225,2021,BUENAVISTA,A. RURAL,14. MORRORICO,13,919,465,454,159,124,176,147,98,110,51,46,8
226,2021,LOS ANAYA,A. RURAL,14. MORRORICO,2,124,64,60,10,8,25,15,20,11,18,17,0
227,2021,ALBANIA,BARRIO,14. MORRORICO,5,"1,783",836,947,229,245,290,232,259,230,156,99,43
228,2021,BUENAVISTA,BARRIO,14. MORRORICO,2,135,71,64,21,24,16,35,15,8,10,6,0
229,2021,BUENOS AIRES,BARRIO,14. MORRORICO,48,"5,849","2,830","3,019","1,062",965,"1,135",951,660,532,325,150,69
230,2021,EL DIVISO,BARRIO,14. MORRORICO,18,"2,154","1,006","1,148",386,345,447,313,244,184,134,77,24
231,2021,LIMONCITO I,BARRIO,14. MORRORICO,5,735,375,360,116,110,170,106,74,65,60,26,8
232,2021,MIRAFLORES,BARRIO,14. MORRORICO,49,"4,883","2,371","2,512",777,802,945,742,592,460,286,199,80
233,2021,MORRORICO,BARRIO,14. MORRORICO,13,"1,909",939,970,307,290,364,295,255,165,149,63,21
234,2021,LOS SAUCES,BARRIO,14. MORRORICO,2,474,217,257,56,82,88,72,68,42,37,23,6
235,2021,VEGAS DE MORRORRICO,BARRIO,14. MORRORICO,3,449,215,234,64,83,73,67,83,33,21,15,10
236,2021,VENADO DE ORO,BARRIO,14. MORRORICO,10,615,306,309,101,129,110,114,73,58,20,10,0
237,2021,CENTRO,BARRIO,15. CENTRO,73,"4,408","2,127","2,281",516,510,826,841,571,553,379,159,53
238,2021,GARCIA ROVIRA,BARRIO,15. CENTRO,56,"3,660","1,848","1,812",405,467,688,654,524,425,305,137,55
239,2021,ALTOS DEL CACIQUE,BARRIO,16. LAGOS DEL CACIQUE,13,826,410,416,102,135,159,127,118,98,66,15,6
240,2021,ALTOS DEL LAGO,BARRIO,16. LAGOS DEL CACIQUE,11,"1,176",551,625,107,178,170,148,186,178,139,49,21
241,2021,BALCON DEL LAGO,BARRIO,16. LAGOS DEL CACIQUE,3,258,140,118,41,57,59,41,36,18,1,3,2
242,2021,BOSQUES DEL CACIQUE,BARRIO,16. LAGOS DEL CACIQUE,5,384,168,216,61,66,64,72,49,38,25,8,1
243,2021,EL TEJAR,BARRIO,16. LAGOS DEL CACIQUE,31,"11,090","5,105","5,985","1,147","1,494","1,646","1,509","1,670","1,648","1,209",595,172
244,2021,HACIENDA SAN JUAN,BARRIO,16. LAGOS DEL CACIQUE,13,"1,523",713,810,185,229,258,269,224,182,98,58,20
245,2021,LAGOS DEL CACIQUE,BARRIO,16. LAGOS DEL CACIQUE,34,"4,815","2,213","2,602",386,582,751,486,590,886,714,311,109
246,2021,LOS GUAYACANES,BARRIO,16. LAGOS DEL CACIQUE,1,175,84,91,30,31,26,29,33,13,7,5,1
247,2021,PRADOS MUTIS,BARRIO,16. LAGOS DEL CACIQUE,2,"1,670",789,881,165,223,277,234,224,284,174,64,25
248,2021,SAN EXPEDITO,BARRIO,16. LAGOS DEL CACIQUE,10,782,386,396,124,135,114,142,104,84,31,36,12
249,2021,BALCONCITOS,BARRIO,17. MUTIS,7,818,368,450,82,117,169,113,103,121,79,21,13
250,2021,BRISAS DEL MUTIS,BARRIO,17. MUTIS,19,"4,120","1,956","2,164",506,655,799,590,596,525,283,120,46
251,2021,ESTORAQUES,BARRIO,17. MUTIS,34,"7,556","3,745","3,811","1,229","1,227","1,386","1,310",830,807,476,224,67
252,2021,LA GRAN LADERA,BARRIO,17. MUTIS,19,"1,576",731,845,300,247,332,301,182,138,50,18,8
253,2021,LOS HEROES,BARRIO,17. MUTIS,10,"1,620",764,856,199,212,285,252,215,193,162,75,27
254,2021,MANZANARES,BARRIO,17. MUTIS,13,"1,271",613,658,160,180,235,186,136,189,97,66,22
255,2021,MONTERREDONDO,BARRIO,17. MUTIS,31,"5,824","2,770","3,054",873,821,"1,175",960,734,674,376,164,47
256,2021,MUTIS,BARRIO,17. MUTIS,46,"9,295","4,344","4,951",967,"1,270","1,569","1,280","1,187","1,387",770,529,336
257,2021,QUEBRADA LA IGLESIA I,BARRIO,17. MUTIS,9,151,82,69,29,13,33,15,26,22,10,0,3
258,2021,VIJAGUAL,A. RURAL,CORREG. 1,126,84,57,27,26,-45,22,25,9,7,5,3,32
259,2021,VILLA LUZ,A. RURAL,CORREG. 1,495,307,182,125,110,-213,89,94,35,25,9,3,155
260,2021,ASOPOFAVI,A. RURAL,CORREG. 2,16,"1,073",554,519,201,204,201,146,138,98,42,35,8
261,2021,SANTA BARBARA,A. RURAL,CORREG. 2,4,167,82,85,16,27,30,24,31,12,17,5,5
262,2021,LA MALANA,A. RURAL,CORREG. 3,10,176,84,92,27,26,24,22,30,18,13,12,4
263,2021,MIRAMANGA,A. RURAL,CORREG. 3,10,560,281,279,106,102,107,98,82,27,20,13,5
264,2024,BONANZA CAMPESTRE,A. RURAL,01. NORTE,14,564,285,279,104,95,108,118,77,34,18,6,4
265,2024,VILLA LINA,A. RURAL,01. NORTE,10,499,254,245,79,102,104,67,66,47,26,6,2
266,2024,BARRIO NUEVO,A. URBANO,01. NORTE,1,99,54,45,17,16,14,16,18,8,3,4,3
267,2024,BRISAS DE SURATA,A. URBANO,01. NORTE,2,159,79,80,26,25,37,18,21,17,7,6,2
268,2024,CAMINOS DE PAZ I,A. URBANO,01. NORTE,3,134,66,68,29,28,22,18,14,8,9,5,1
269,2024,CAMINOS DE PAZ II,A. URBANO,01. NORTE,1,21,11,10,1,7,0,5,5,2,1,0,0
270,2024,CERVIUNION,A. URBANO,01. NORTE,9,237,105,132,62,37,45,32,23,21,10,6,1
271,2024,DIVINO NINO,A. URBANO,01. NORTE,9,328,164,164,51,52,76,54,35,38,15,6,1
272,2024,DIVINO NINO II,A. URBANO,01. NORTE,1,47,26,21,7,6,7,6,6,10,5,0,0
273,2024,LUZ DE ESPERANZA,A. URBANO,01. NORTE,3,110,48,62,31,17,18,16,10,16,1,0,1
274,2024,ALTOS DEL KENNEDY,BARRIO,01. NORTE,6,527,248,279,76,85,106,72,60,71,34,19,4
275,2024,ALTOS DEL PROGRESO,BARRIO,01. NORTE,17,1183,603,580,220,207,235,178,145,118,48,26,6
276,2024,BALCONES DEL KENNEDY,BARRIO,01. NORTE,18,1330,657,673,249,225,247,203,189,111,68,31,7
277,2024,BETANIA,BARRIO,01. NORTE,17,1659,838,821,229,217,354,247,210,245,117,28,12
278,2024,CAFE MADRID,BARRIO,01. NORTE,86,9486,4740,4746,1780,1839,1859,1369,1145,738,472,227,57
279,2024,CAMPESTRE NORTE,BARRIO,01. NORTE,14,809,396,413,163,160,150,147,76,56,34,18,5
280,2024,CLAVERIANO,BARRIO,01. NORTE,22,1670,809,861,315,325,346,257,165,145,75,30,12
281,2024,COLORADOS,BARRIO,01. NORTE,53,4994,2405,2589,861,767,1002,757,637,438,309,167,56
282,2024,COLSEGUROS NORTE,BARRIO,01. NORTE,1,1558,722,836,229,258,281,214,227,176,116,41,16
283,2024,EL PABLON,BARRIO,01. NORTE,12,543,272,271,81,87,112,91,69,44,25,28,6
284,2024,EL ROSAL,BARRIO,01. NORTE,17,1157,558,599,195,200,221,144,162,115,67,39,14
285,2024,KENNEDY,BARRIO,01. NORTE,39,5761,2728,3033,763,773,966,865,758,715,499,283,139
286,2024,LAS HAMACAS,BARRIO,01. NORTE,9,896,463,433,147,161,150,165,112,85,47,25,4
287,2024,MARIA PAZ,BARRIO,01. NORTE,36,4630,2246,2384,824,797,917,728,550,412,230,129,43
288,2024,MINUTO DE DIOS,BARRIO,01. NORTE,7,1799,900,899,263,248,341,317,204,229,120,63,14
289,2024,MIRADORES DEL KENNEDY,BARRIO,01. NORTE,5,507,239,268,72,82,107,81,73,57,29,6,0
290,2024,MIRAMAR,BARRIO,01. NORTE,13,747,362,385,91,140,120,114,106,90,47,28,11
291,2024,OLAS ALTAS,BARRIO,01. NORTE,3,386,200,186,46,59,69,62,49,41,30,22,8
292,2024,OLAS BAJAS,BARRIO,01. NORTE,9,1181,583,598,163,197,194,154,156,136,85,62,34
293,2024,OMAGA I,BARRIO,01. NORTE,2,261,123,138,35,41,37,39,34,40,22,8,5
294,2024,OMAGA II,BARRIO,01. NORTE,7,779,372,407,135,136,153,114,94,82,28,28,9
295,2024,PAISAJES DEL NORTE,BARRIO,01. NORTE,9,548,262,286,100,124,105,76,75,42,14,9,3
296,2024,ROSALTA,BARRIO,01. NORTE,3,445,210,235,85,93,70,72,55,35,20,9,6
297,2024,SAN VALENTIN,BARRIO,01. NORTE,7,702,344,358,141,123,154,77,83,71,37,12,4
298,2024,TEJAR NORTE,BARRIO,01. NORTE,13,1132,555,577,177,161,229,189,136,142,56,27,15
299,2024,TEJARCITOS,BARRIO,01. NORTE,3,197,102,95,44,30,37,29,23,11,14,8,1
300,2024,VILLA ALEGRIA I,BARRIO,01. NORTE,3,396,191,205,72,54,96,71,36,39,20,6,2
301,2024,VILLA ALEGRIA II,BARRIO,01. NORTE,7,877,443,434,146,149,208,137,78,92,47,10,10
302,2024,VILLA MARIA I,BARRIO,01. NORTE,1,237,113,124,45,29,58,29,33,15,16,9,3
303,2024,VILLA MARIA II,BARRIO,01. NORTE,1,475,235,240,91,70,100,76,55,42,29,8,4
304,2024,VILLA MARIA III,BARRIO,01. NORTE,3,197,88,109,55,42,34,32,18,7,5,4,0
305,2024,VILLA ROSA,BARRIO,01. NORTE,48,7038,3465,3573,994,1194,1154,1103,933,692,653,247,68
306,2024,VILLAS DE SAN IGNACIO,BARRIO,01. NORTE,123,16053,7925,8128,2863,3344,2794,2954,1550,1350,689,355,154
307,2024,CHITOTA,A. RURAL,02. NORORIENTAL,12,252,133,119,32,51,39,41,42,21,18,6,2
308,2024,GRANJITAS BARRIO NORTE,A. RURAL,02. NORORIENTAL,4,145,63,82,29,34,23,19,16,12,4,5,3
309,2024,LOS CUADROS,A. RURAL,02. NORORIENTAL,2,234,114,120,50,37,41,41,26,28,5,5,1
310,2024,LOS ANGELES,A. URBANO,02. NORORIENTAL,12,662,335,327,111,108,159,125,79,34,26,15,5
311,2024,MIRADOR NORTE,A. URBANO,02. NORORIENTAL,25,1316,666,650,273,262,274,216,121,76,55,32,7
312,2024,MONEQUE,A. URBANO,02. NORORIENTAL,1,80,36,44,10,15,13,5,10,10,12,3,2
313,2024,NUEVO HORIZONTE,A. URBANO,02. NORORIENTAL,15,964,459,505,220,200,187,136,109,64,35,8,5
314,2024,13 DE JUNIO,BARRIO,02. NORORIENTAL,5,409,200,209,65,51,78,62,60,47,34,8,4
315,2024,BOSQUE NORTE,BARRIO,02. NORORIENTAL,17,1218,592,626,215,238,215,236,99,97,86,25,7
316,2024,EL PLAN,BARRIO,02. NORORIENTAL,14,662,323,339,99,116,113,111,82,63,45,27,6
317,2024,ESPERANZA I,BARRIO,02. NORORIENTAL,16,925,434,491,140,159,171,143,111,78,64,46,13
318,2024,ESPERANZA II,BARRIO,02. NORORIENTAL,30,2245,1089,1156,385,365,390,327,287,177,165,117,32
319,2024,ESPERANZA III,BARRIO,02. NORORIENTAL,30,1575,795,780,271,268,268,260,189,116,123,58,22
320,2024,LA INDEPENDENCIA,BARRIO,02. NORORIENTAL,37,4023,1971,2052,665,687,788,550,465,398,262,141,67
321,2024,LA JUVENTUD,BARRIO,02. NORORIENTAL,42,1627,782,845,228,255,269,249,210,182,123,71,40
322,2024,LIZCANO I,BARRIO,02. NORORIENTAL,1,126,66,60,15,14,24,16,15,15,12,9,6
323,2024,LIZCANO II,BARRIO,02. NORORIENTAL,2,139,69,70,22,25,23,30,18,6,9,3,3
324,2024,LOS ANGELES,BARRIO,02. NORORIENTAL,17,1057,517,540,155,163,172,160,136,114,88,50,19
325,2024,NUEVA COLOMBIA,BARRIO,02. NORORIENTAL,11,476,242,234,95,64,104,82,47,41,28,13,2
326,2024,OLAS II,BARRIO,02. NORORIENTAL,6,885,417,468,142,152,150,155,84,86,68,36,12
327,2024,PUERTO RICO,BARRIO,02. NORORIENTAL,9,652,324,328,96,131,122,113,82,62,24,19,3
328,2024,REGADEROS NORTE,BARRIO,02. NORORIENTAL,19,2730,1340,1390,402,409,490,412,376,301,185,119,36
329,2024,SAN CRISTOBAL,BARRIO,02. NORORIENTAL,23,1031,504,527,161,139,175,146,138,119,77,45,31
330,2024,TRANSICION I-V,BARRIO,02. NORORIENTAL,115,5484,2771,2713,969,948,987,863,657,475,349,173,63
331,2024,VILLA HELENA I,BARRIO,02. NORORIENTAL,25,1718,864,854,336,306,307,273,180,124,134,46,12
332,2024,VILLA HELENA II,BARRIO,02. NORORIENTAL,11,933,470,463,145,128,146,147,103,113,90,48,13
333,2024,VILLA MERCEDES,BARRIO,02. NORORIENTAL,14,1236,645,591,219,224,234,202,147,92,76,31,11
334,2024,ALARCON,BARRIO,03. SAN FRANCISCO,23,3363,1577,1786,395,355,602,690,463,411,250,143,54
335,2024,CHAPINERO,BARRIO,03. SAN FRANCISCO,24,2795,1419,1376,401,348,574,562,342,280,175,94,19
336,2024,COMUNEROS,BARRIO,03. SAN FRANCISCO,54,11277,5435,5842,1323,1590,2336,1781,1444,1248,872,493,190
337,2024,EL CINAL,BARRIO,03. SAN FRANCISCO,7,416,212,204,64,64,75,72,52,38,28,13,10
338,2024,MODELO,BARRIO,03. SAN FRANCISCO,22,2351,1077,1274,313,297,436,403,336,260,167,108,31
339,2024,MUTUALIDAD,BARRIO,03. SAN FRANCISCO,26,4419,2125,2294,450,584,972,649,569,563,324,230,78
340,2024,NORTE BAJO,BARRIO,03. SAN FRANCISCO,14,1500,741,759,200,188,272,214,205,183,132,75,31
341,2024,SAN FRANCISCO,BARRIO,03. SAN FRANCISCO,115,18258,8559,9699,1948,2204,3607,3187,2374,2262,1587,735,354
342,2024,SAN RAFAEL,BARRIO,03. SAN FRANCISCO,16,2151,1038,1113,295,324,401,299,283,258,159,86,46
343,2024,UNIVERSIDAD,BARRIO,03. SAN FRANCISCO,38,5085,2385,2700,424,573,1271,782,563,605,496,260,111
344,2024,5 DE ENERO,A. URBANO,04. OCCIDENTAL,10,407,208,199,96,91,61,66,45,25,14,4,5
345,2024,CAMILO TORRES,A. URBANO,04. OCCIDENTAL,9,691,312,379,130,152,138,121,63,50,22,13,2
346,2024,CARLOS PIZARRO,A. URBANO,04. OCCIDENTAL,2,140,71,69,30,31,24,19,16,10,8,1,1
347,2024,GALLINERAL,A. URBANO,04. OCCIDENTAL,3,492,235,257,111,93,79,94,48,32,25,6,4
348,2024,GIRARDOT,A. URBANO,04. OCCIDENTAL,23,1047,511,536,196,232,195,147,127,71,55,18,6
349,2024,LA FERIA,A. URBANO,04. OCCIDENTAL,10,509,268,241,96,121,100,80,44,39,18,9,2
350,2024,MARIA AUXILIADORA,A. URBANO,04. OCCIDENTAL,1,52,26,26,11,4,13,4,5,6,8,0,1
351,2024,MILAGRO DE DIOS,A. URBANO,04. OCCIDENTAL,6,812,410,402,135,165,169,129,98,65,33,12,6
352,2024,NARINO,A. URBANO,04. OCCIDENTAL,1,172,85,87,42,37,25,29,15,16,4,3,1
353,2024,NIVINO NINO,A. URBANO,04. OCCIDENTAL,6,419,210,209,67,86,76,60,63,32,21,13,1
354,2024,RIO DE ORO I,A. URBANO,04. OCCIDENTAL,3,997,510,487,261,204,171,160,79,62,38,17,5
355,2024,ZARABANDA,A. URBANO,04. OCCIDENTAL,5,580,280,300,142,102,111,106,52,28,33,4,2
356,2024,23 DE JUNIO,BARRIO,04. OCCIDENTAL,16,2043,1009,1034,269,286,377,304,238,243,206,80,40
357,2024,DON BOSCO,BARRIO,04. OCCIDENTAL,7,972,488,484,131,133,180,129,133,115,69,57,25
358,2024,GAITAN,BARRIO,04. OCCIDENTAL,51,5652,2836,2816,738,909,829,811,727,746,467,305,120
359,2024,GIRARDOT,BARRIO,04. OCCIDENTAL,44,9192,4517,4675,1306,1343,1628,1561,1265,1000,572,361,156
360,2024,GRANADA,BARRIO,04. OCCIDENTAL,66,1851,941,910,250,243,365,289,229,206,164,80,25
361,2024,LA FERIA,BARRIO,04. OCCIDENTAL,36,2583,1274,1309,353,429,484,369,399,332,124,74,19
362,2024,LA GLORIA,BARRIO,04. OCCIDENTAL,10,767,387,380,131,133,141,119,89,65,52,27,10
363,2024,NAPOLES,BARRIO,04. OCCIDENTAL,19,1311,677,634,229,235,229,183,179,121,76,39,20
364,2024,NARINO,BARRIO,04. OCCIDENTAL,26,2117,1096,1021,316,295,410,273,273,220,168,127,35
365,2024,PIO XII,BARRIO,04. OCCIDENTAL,17,1580,813,767,270,255,281,250,203,153,110,48,10
366,2024,RIO DE ORO I,BARRIO,04. OCCIDENTAL,18,53,25,28,14,8,9,8,4,4,4,1,1
367,2024,SANTANDER,BARRIO,04. OCCIDENTAL,21,2780,1331,1449,309,352,440,356,347,449,290,148,89
368,2024,PANTANO II,A. URBANO,05. GARCIA ROVIRA,1,66,39,27,9,8,12,8,13,2,8,6,0
369,2024,1 DE MAYO,BARRIO,05. GARCIA ROVIRA,6,1022,513,509,159,147,180,167,127,113,68,49,12
370,2024,ALFONSO LOPEZ,BARRIO,05. GARCIA ROVIRA,38,8710,4250,4460,1041,1125,1681,1424,1134,1099,724,338,144
371,2024,CAMPO HERMOSO,BARRIO,05. GARCIA ROVIRA,63,12553,6006,6547,1734,1778,2214,1857,1693,1506,970,562,239
372,2024,CHARTA,BARRIO,05. GARCIA ROVIRA,5,506,230,276,91,73,77,87,45,57,46,21,9
373,2024,CHORRERAS DE DON JUAN,BARRIO,05. GARCIA ROVIRA,26,3269,1570,1699,329,434,541,484,468,450,319,172,72
374,2024,LA ESTRELLA,BARRIO,05. GARCIA ROVIRA,7,1092,507,585,138,155,204,157,135,136,91,52,24
375,2024,LA JOYA,BARRIO,05. GARCIA ROVIRA,36,6742,3251,3491,753,912,1094,962,818,1010,696,329,168
376,2024,PANTANO II,BARRIO,05. GARCIA ROVIRA,9,657,312,345,112,121,140,73,96,64,25,23,3
377,2024,PANTANO III,BARRIO,05. GARCIA ROVIRA,1,89,51,38,19,10,16,18,9,4,9,2,2
378,2024,QUINTA ESTRELLA,BARRIO,05. GARCIA ROVIRA,38,2173,1072,1101,278,318,420,340,295,299,139,64,20
379,2024,RINCON DE LA PAZ,BARRIO,05. GARCIA ROVIRA,21,1337,671,666,271,244,265,211,146,105,60,22,13
380,2024,CANDILES,BARRIO,06. LA CONCORDIA,4,1472,695,777,189,167,236,230,170,204,130,102,44
381,2024,GOMEZ NINO,BARRIO,06. LA CONCORDIA,11,1126,518,608,111,138,200,194,96,178,110,73,26
382,2024,LA CEIBA,BARRIO,06. LA CONCORDIA,23,3263,1526,1737,345,422,537,545,435,424,281,184,90
383,2024,LA CONCORDIA,BARRIO,06. LA CONCORDIA,77,9008,4155,4853,955,1017,1639,1336,1167,1243,855,524,272
384,2024,LA SALLE,BARRIO,06. LA CONCORDIA,10,982,439,543,90,100,131,132,140,160,127,59,43
385,2024,LA VICTORIA,BARRIO,06. LA CONCORDIA,37,6297,2911,3386,636,799,869,874,812,958,652,420,277
386,2024,RICAURTE,BARRIO,06. LA CONCORDIA,25,3049,1464,1585,335,392,534,557,422,381,219,142,67
387,2024,SAN MIGUEL,BARRIO,06. LA CONCORDIA,24,4669,2195,2474,536,567,855,683,621,611,437,232,127
388,2024,REAL DE MINAS,BARRIO,07. LA CIUDADELA,126,30446,13998,16448,2918,3879,5402,4513,3967,4286,3388,1593,500
389,2024,EL FONCE,A. URBANO,08. SUR OCCIDENTE,2,77,35,42,20,6,23,10,2,7,5,3,1
390,2024,LA GUACAMAYA,A. URBANO,08. SUR OCCIDENTE,3,311,161,150,59,68,54,63,28,24,8,4,3
391,2024,LAURELES I,A. URBANO,08. SUR OCCIDENTE,6,183,93,90,29,30,40,29,26,11,12,4,2
392,2024,MANZANA 10,A. URBANO,08. SUR OCCIDENTE,14,628,309,319,95,104,120,98,79,63,34,29,6
393,2024,SAN GERARDO,A. URBANO,08. SUR OCCIDENTE,3,783,382,401,122,116,171,128,103,68,45,18,12
394,2024,SAN GERARDO,A. URBANO,08. SUR OCCIDENTE,4,1013,507,506,117,153,181,131,135,138,80,58,20
395,2024,20 DE JULIO,BARRIO,08. SUR OCCIDENTE,1,424,193,231,57,76,67,63,60,42,29,25,5
396,2024,AFRICA,BARRIO,08. SUR OCCIDENTE,12,1223,605,618,161,183,225,202,170,110,85,74,13
397,2024,ANTIGUA COLOMBIA,BARRIO,08. SUR OCCIDENTE,6,498,252,246,79,73,93,67,67,58,38,13,10
398,2024,BOSCONIA,BARRIO,08. SUR OCCIDENTE,5,193,102,91,21,31,39,16,39,24,9,10,4
399,2024,BUCARAMANGA,BARRIO,08. SUR OCCIDENTE,29,5291,2595,2696,791,830,911,764,717,623,328,227,100
400,2024,CANELOS,BARRIO,08. SUR OCCIDENTE,22,2100,977,1123,243,258,351,299,292,250,219,139,49
401,2024,CORDONCILLO I,BARRIO,08. SUR OCCIDENTE,3,378,189,189,55,65,76,52,48,40,16,19,7
402,2024,CORDONCILLO II,BARRIO,08. SUR OCCIDENTE,15,2187,1077,1110,251,328,441,297,267,297,159,98,49
403,2024,JUAN XXIII,BARRIO,08. SUR OCCIDENTE,12,927,477,450,154,153,181,157,106,85,47,35,9
404,2024,PABLO VI,BARRIO,08. SUR OCCIDENTE,11,1890,901,989,275,285,334,262,233,249,118,93,41
405,2024,QUEBRADA LA IGLESIA II,BARRIO,08. SUR OCCIDENTE,2,0,0,0,0,0,0,0,0,0,0,0,0
406,2024,SAN GERARDO,BARRIO,08. SUR OCCIDENTE,4,622,315,307,81,84,111,106,80,69,41,37,13
407,2024,ANTONIA SANTOS SUR,BARRIO,09. LA PEDREGOSA,7,800,381,419,72,77,140,101,97,131,105,49,28
408,2024,ASTURIAS,BARRIO,09. LA PEDREGOSA,9,1062,483,579,101,111,161,171,151,145,128,71,23
409,2024,DIAMANTE I,BARRIO,09. LA PEDREGOSA,9,1684,801,883,150,218,268,232,243,235,151,128,59
410,2024,LA LIBERTAD,BARRIO,09. LA PEDREGOSA,7,710,357,353,59,92,129,79,93,118,78,41,21
411,2024,LA PEDREGOSA,BARRIO,09. LA PEDREGOSA,4,611,307,304,75,93,106,86,87,79,56,19,10
412,2024,LAS CASITAS,BARRIO,09. LA PEDREGOSA,4,264,132,132,41,33,53,29,35,29,18,18,8
413,2024,NUEVA GRANADA,BARRIO,09. LA PEDREGOSA,8,835,396,439,90,106,142,131,126,121,68,44,7
414,2024,PORTO FINO,BARRIO,09. LA PEDREGOSA,6,580,264,316,72,57,112,104,84,53,64,22,12
415,2024,QUEBRADA LA IGLESIA,BARRIO,09. LA PEDREGOSA,17,1510,742,768,196,229,266,251,216,159,115,58,20
416,2024,SAN MARTIN,BARRIO,09. LA PEDREGOSA,23,3888,1952,1936,528,547,782,729,483,430,222,116,51
417,2024,SAN PEDRO CLAVER,BARRIO,09. LA PEDREGOSA,14,967,495,472,132,140,201,132,122,116,58,48,18
418,2024,VILLA DIAMANTE,BARRIO,09. LA PEDREGOSA,6,1981,919,1062,169,241,319,271,252,302,232,142,53
419,2024,VILLA INES,BARRIO,09. LA PEDREGOSA,15,1568,704,864,176,217,242,251,209,197,149,90,37
420,2024,EL PORVENIR,A. RURAL,10. PROVENZA,21,1224,621,603,213,236,236,227,142,93,50,21,6
421,2024,LUZ DE SALVACION I,A. URBANO,10. PROVENZA,34,2232,1146,1086,439,395,463,360,267,172,84,37,15
422,2024,BRISAS DE PROVENZA,BARRIO,10. PROVENZA,25,2077,1017,1060,407,358,464,326,267,148,59,37,11
423,2024,CRISTAL ALTO,BARRIO,10. PROVENZA,18,1905,915,990,298,345,347,316,218,212,106,45,18
424,2024,CRISTAL BAJO,BARRIO,10. PROVENZA,36,2437,1203,1234,461,400,504,387,269,241,101,58,16
425,2024,DIAMANTE II,BARRIO,10. PROVENZA,60,10681,4870,5811,989,1103,1585,1554,1436,1459,1243,902,410
426,2024,EL PORVENIR,BARRIO,10. PROVENZA,62,8033,3879,4154,1075,1044,1551,1236,1108,986,627,316,90
427,2024,FONTANA,BARRIO,10. PROVENZA,27,4192,1915,2277,460,573,547,709,553,563,438,269,80
428,2024,GRANJAS DE PROVENZA,BARRIO,10. PROVENZA,34,4719,2290,2429,759,637,902,1019,588,425,228,120,41
429,2024,NUEVA FONTANA,BARRIO,10. PROVENZA,6,562,243,319,47,74,85,79,83,90,67,30,7
430,2024,PROVENZA,BARRIO,10. PROVENZA,93,15526,7175,8351,1540,1684,2401,2434,2000,2043,1840,1134,450
431,2024,SAN LUIS,BARRIO,10. PROVENZA,23,2153,961,1192,183,231,325,295,311,296,303,150,59
432,2024,VIVEROS DE PROVENZA,BARRIO,10. PROVENZA,11,1004,488,516,155,150,256,161,128,102,31,15,6
433,2024,VILLA DEL NOGAL,A. RURAL,11. SUR,857,522,250,272,87,100,90,85,69,40,34,12,5
434,2024,DELICIAS ALTAS,A. URBANO,11. SUR,4,137,66,71,20,28,25,13,18,13,8,10,2
435,2024,LUZ DE SALVACION II,A. URBANO,11. SUR,37,1111,545,566,214,198,222,179,123,108,39,22,6
436,2024,BALCONES DEL SUR,BARRIO,11. SUR,9,697,362,335,137,121,170,96,96,45,26,4,2
437,2024,BRISAS DEL PALMAR,BARRIO,11. SUR,2,412,200,212,75,63,81,71,42,51,17,8,4
438,2024,BRISAS DEL PARAISO,BARRIO,11. SUR,9,1024,508,516,165,185,211,174,128,104,33,19,5
439,2024,CANDADO,BARRIO,11. SUR,3,421,194,227,50,52,73,81,44,61,33,22,5
440,2024,CIUDAD VENECIA,BARRIO,11. SUR,14,1295,601,694,139,173,221,203,162,176,140,55,26
441,2024,CONDADO DE GIBRALTAR,BARRIO,11. SUR,8,527,252,275,50,86,77,58,78,85,48,34,11
442,2024,DANGOND,BARRIO,11. SUR,11,2001,974,1027,218,267,340,304,283,223,240,95,31
443,2024,DELICIAS ALTAS,BARRIO,11. SUR,8,1644,776,868,218,221,261,300,241,189,136,63,15
444,2024,DELICIAS BAJAS,BARRIO,11. SUR,3,145,63,82,17,23,14,25,15,16,21,10,4
445,2024,EL ROCIO,BARRIO,11. SUR,14,2447,1077,1370,283,330,419,383,301,342,251,101,37
446,2024,GRANJAS DE JULIO RINCON,BARRIO,11. SUR,2,445,206,239,72,79,83,63,63,56,10,13,6
447,2024,GRANJAS REAGAN,BARRIO,11. SUR,8,788,393,395,169,128,152,132,86,57,43,15,6
448,2024,IGSABELAR,BARRIO,11. SUR,2,520,259,261,76,79,98,81,80,50,33,14,9
449,2024,JARDINES DE COAVICONSA,BARRIO,11. SUR,22,6207,2893,3314,772,828,1040,1107,884,805,483,222,66
450,2024,LOS CONQUISTADORES,BARRIO,11. SUR,6,1674,800,874,246,297,365,256,244,158,67,30,11
451,2024,MALPASO,BARRIO,11. SUR,3,494,229,265,61,68,95,58,65,67,48,25,7
452,2024,MANUELA BELTRAN,BARRIO,11. SUR,34,4804,2316,2488,650,703,900,836,589,530,378,168,50
453,2024,PUNTA PARAISO,BARRIO,11. SUR,21,2183,1058,1125,420,358,489,388,232,171,80,37,8
454,2024,ROBLES,BARRIO,11. SUR,1,292,147,145,34,42,39,56,35,44,22,13,7
455,2024,SANTA MARIA,BARRIO,11. SUR,3,374,178,196,51,48,73,52,55,52,26,12,5
456,2024,TOLEDO PLATA,BARRIO,11. SUR,12,1259,575,684,152,156,207,223,131,156,153,57,24
457,2024,VILLA ALICIA,BARRIO,11. SUR,4,582,259,323,59,52,125,66,68,82,73,44,13
458,2024,VILLA DEL NOGAL,BARRIO,11. SUR,7,263,126,137,49,45,58,44,31,18,12,4,2
459,2024,VILLA FLOR,BARRIO,11. SUR,1,660,307,353,92,83,107,130,87,67,63,25,6
460,2024,VILLA REAL DEL SUR,BARRIO,11. SUR,8,870,426,444,159,167,188,138,103,67,25,17,6
461,2024,VILLA SARA,BARRIO,11. SUR,3,370,173,197,37,51,69,53,59,42,35,19,5
462,2024,ALTOS DEL JARDIN,BARRIO,12. CABECERA DEL LLANO,5,185,88,97,17,27,14,20,34,23,22,21,7
463,2024,ANTIGUO CAMPESTRE,BARRIO,12. CABECERA DEL LLANO,11,881,363,518,44,62,148,103,91,147,131,92,63
464,2024,BOLARQUI,BARRIO,12. CABECERA DEL LLANO,20,3316,1494,1822,263,331,454,537,458,504,447,212,110
465,2024,CABECERA DEL LLANO,BARRIO,12. CABECERA DEL LLANO,84,14895,6573,8322,1044,1162,1780,1847,1858,2325,2547,1634,698
466,2024,CONUCOS,BARRIO,12. CABECERA DEL LLANO,2,1630,660,970,115,149,211,163,204,213,239,217,119
467,2024,EL JARDIN,BARRIO,12. CABECERA DEL LLANO,10,227,109,118,19,30,26,25,28,32,31,26,10
468,2024,LA FLORESTA,BARRIO,12. CABECERA DEL LLANO,17,3054,1410,1644,263,287,425,430,412,500,446,199,92
469,2024,LOS CEDROS,BARRIO,12. CABECERA DEL LLANO,2,107,46,61,9,21,5,8,23,19,12,10,0
470,2024,MERCEDES,BARRIO,12. CABECERA DEL LLANO,16,2073,890,1183,180,225,342,327,256,304,219,139,81
471,2024,NUEVO SOTOMAYOR,BARRIO,12. CABECERA DEL LLANO,19,3386,1490,1896,294,298,547,567,476,450,427,241,86
472,2024,PAN DE AZUCAR,BARRIO,12. CABECERA DEL LLANO,22,1853,878,975,137,173,224,231,263,325,272,160,68
473,2024,PUERTA DEL SOL,BARRIO,12. CABECERA DEL LLANO,7,467,229,238,31,54,78,76,69,75,54,23,7
474,2024,SOTOMAYOR,BARRIO,12. CABECERA DEL LLANO,31,6702,2915,3787,458,526,815,905,841,977,1167,667,346
475,2024,TERRAZAS,BARRIO,12. CABECERA DEL LLANO,14,1586,717,869,120,153,258,195,228,269,198,123,42
476,2024,GALAN,A. URBANO,13. ORIENTAL,21,2137,1093,1044,481,346,477,357,188,132,100,40,16
477,2024,ALVAREZ,BARRIO,13. ORIENTAL,47,6727,3067,3660,616,828,981,1010,926,987,687,464,228
478,2024,ANTONIA SANTOS CENTRO,BARRIO,13. ORIENTAL,39,14233,6541,7692,1505,1629,2455,2636,2058,1803,1247,625,275
479,2024,BOLIVAR,BARRIO,13. ORIENTAL,28,4701,2187,2514,465,470,729,809,646,684,506,269,123
480,2024,EL PRADO,BARRIO,13. ORIENTAL,27,5908,2588,3320,429,508,837,899,760,867,825,540,243
481,2024,GALAN,BARRIO,13. ORIENTAL,4,642,299,343,66,104,108,124,88,58,58,25,11
482,2024,LA AURORA,BARRIO,13. ORIENTAL,22,2786,1229,1557,244,266,452,411,329,415,376,213,80
483,2024,LOS PINOS,BARRIO,13. ORIENTAL,19,3371,1532,1839,259,383,417,422,476,471,513,302,128
484,2024,MEJORAS PUBLICAS,BARRIO,13. ORIENTAL,39,10265,4578,5687,824,982,1625,1686,1324,1501,1294,723,306
485,2024,QUINTA BRIGADA,BARRIO,13. ORIENTAL,4,1498,727,771,166,178,287,304,194,154,130,61,24
486,2024,QUINTADANIA,BARRIO,13. ORIENTAL,5,626,278,348,62,47,108,114,69,79,76,55,16
487,2024,SAN ALONSO,BARRIO,13. ORIENTAL,60,15296,6854,8442,1444,1665,2888,2461,1911,2003,1590,834,500
488,2024,BUENAVISTA,A. RURAL,14. MORRORICO,13,916,462,454,158,121,175,147,98,110,51,46,10
489,2024,LOS ANAYA,A. RURAL,14. MORRORICO,2,124,64,60,10,8,25,15,20,11,18,17,0
490,2024,ALBANIA,BARRIO,14. MORRORICO,5,1777,831,946,228,233,289,231,258,241,155,99,43
491,2024,BUENAVISTA,BARRIO,14. MORRORICO,2,135,71,64,21,23,16,35,15,9,10,6,0
492,2024,BUENOS AIRES,BARRIO,14. MORRORICO,48,5830,2818,3012,1059,937,1131,948,658,530,324,174,69
493,2024,EL DIVISO,BARRIO,14. MORRORICO,18,2147,1002,1145,385,336,446,312,243,183,141,77,24
494,2024,LIMONCITO,BARRIO,14. MORRORICO,5,733,374,359,116,106,170,106,74,65,62,26,8
495,2024,MIRAFLORES,BARRIO,14. MORRORICO,49,4867,2361,2506,774,774,942,740,612,462,285,198,80
496,2024,MORRORICO,BARRIO,14. MORRORICO,13,1903,935,968,306,284,363,294,254,164,149,68,21
497,2024,SAUCES,BARRIO,14. MORRORICO,2,472,215,257,56,80,88,72,68,42,37,23,6
498,2024,VEGAS DE MORRORICO,BARRIO,14. MORRORICO,3,448,215,233,64,80,73,67,83,33,21,17,10
499,2024,VENADO DE ORO,BARRIO,14. MORRORICO,10,613,305,308,101,128,110,114,73,58,18,10,1
500,2024,CENTRO,BARRIO,15. CENTRO,73,4394,2118,2276,514,504,823,838,575,551,378,158,53
501,2024,GARCIA ROVIRA,BARRIO,15. CENTRO,56,3648,1843,1805,404,457,686,654,527,424,304,137,55
502,2024,ALTOS DEL CACIQUE,BARRIO,16. LAGOS DEL CACIQUE,13,823,408,415,102,133,158,127,118,98,66,15,6
503,2024,ALTOS DEL LAGO,BARRIO,16. LAGOS DEL CACIQUE,11,1173,548,625,107,174,172,149,185,177,139,49,21
504,2024,BALCON DEL LAGO,BARRIO,16. LAGOS DEL CACIQUE,3,257,139,118,41,54,59,43,36,18,1,3,2
505,2024,BOSQUES DEL CACIQUE,BARRIO,16. LAGOS DEL CACIQUE,5,383,168,215,61,66,64,70,49,38,25,8,2
506,2024,EL TEJAR,BARRIO,16. LAGOS DEL CACIQUE,31,11054,5078,5976,1143,1475,1641,1518,1665,1643,1205,593,171
507,2024,HACIENDA SAN JUAN,BARRIO,16. LAGOS DEL CACIQUE,13,1518,710,808,184,229,257,268,223,181,98,58,20
508,2024,LAGOS DEL CACIQUE,BARRIO,16. LAGOS DEL CACIQUE,34,4800,2202,2598,385,565,749,499,588,883,712,310,109
509,2024,LOS GUAYACANES,BARRIO,16. LAGOS DEL CACIQUE,1,174,84,90,30,30,26,29,33,13,7,5,1
510,2024,PRADOS DEL MUTIS,BARRIO,16. LAGOS DEL CACIQUE,2,1665,786,879,165,217,276,239,223,283,173,64,25
511,2024,SAN EXPEDITO,BARRIO,16. LAGOS DEL CACIQUE,10,779,386,393,124,131,116,141,104,84,31,36,12
512,2024,BALCONCITOS,BARRIO,17. MUTIS,7,815,367,448,82,114,168,113,104,121,79,21,13
513,2024,BRISAS DEL MUTIS,BARRIO,17. MUTIS,19,4106,1946,2160,504,635,796,606,594,523,282,120,46
514,2024,ESTORAQUES,BARRIO,17. MUTIS,34,7532,3732,3800,1225,1204,1382,1306,847,804,474,223,67
515,2024,LA GRAN LADERA,BARRIO,17. MUTIS,19,1571,727,844,299,239,331,300,188,138,50,18,8
516,2024,LOS HEROES,BARRIO,17. MUTIS,10,1615,761,854,198,208,284,251,214,196,162,75,27
517,2024,MANZANARES,BARRIO,17. MUTIS,13,1267,611,656,159,173,234,185,143,188,97,66,22
518,2024,MONTERREDONDO,BARRIO,17. MUTIS,31,5805,2758,3047,870,803,1171,957,732,672,385,168,47
519,2024,MUTIS,BARRIO,17. MUTIS,46,9265,4329,4936,964,1198,1584,1293,1198,1383,780,530,335
520,2024,QUEBRADA LA IGLESIA I,BARRIO,17. MUTIS,9,151,83,68,29,12,33,16,26,22,10,0,3
521,2024,VEREDA VIJAGUAL,A. RURAL,CORREG. 1,126,806,386,420,133,156,111,126,45,35,25,15,160
522,2024,VILLA LUZ,A. RURAL,CORREG. 1,495,807,387,420,139,151,112,119,44,32,11,4,195
523,2024,ASOPOFAVI,A. RURAL,CORREG. 2,16,2558,1228,1330,480,477,481,350,331,235,101,84,19
524,2024,SANTA BARBARA,A. RURAL,CORREG. 2,4,2558,1228,1330,246,388,465,372,481,186,264,78,78
525,2024,MALANA,A. RURAL,CORREG. 3,10,1518,729,789,234,217,208,191,260,156,113,104,35
526,2024,MIRAMANGA,A. RURAL,CORREG. 3,10,1519,730,789,286,276,290,266,222,75,54,35,15
